{"cameraMode":{"drawMode":0,"name":"Shaded","section":"Shading Mode"},"sceneLighting":false,"audioPlay":false,"sceneViewState":{"showFog":true,"showMaterialUpdate":false,"showSkybox":true,"showFlares":true,"showImageEffects":true,"showParticleSystems":true},"in2DMode":false,"pivot":{"x":2.9802322387695315e-8,"y":5.960464477539063e-8,"z":0.0},"rotation":{"x":-0.11618021875619888,"y":0.8729042410850525,"z":-0.25319230556488039,"w":-0.40054216980934145},"size":1.4289520978927613,"orthographic":false}