{"cameraMode":{"drawMode":0,"name":"Shaded","section":"Shading Mode"},"sceneLighting":false,"audioPlay":false,"sceneViewState":{"showFog":true,"showMaterialUpdate":false,"showSkybox":true,"showFlares":true,"showImageEffects":true,"showParticleSystems":true},"in2DMode":false,"pivot":{"x":0.7946683764457703,"y":0.310166597366333,"z":-4.855118751525879},"rotation":{"x":-0.11618021875619888,"y":0.8729042410850525,"z":-0.25319230556488039,"w":-0.40054216980934145},"size":1.8729490041732789,"orthographic":false}