{"cameraMode":{"drawMode":0,"name":"Shaded","section":"Shading Mode"},"sceneLighting":true,"audioPlay":false,"sceneViewState":{"showFog":true,"showMaterialUpdate":true,"showSkybox":true,"showFlares":true,"showImageEffects":true,"showParticleSystems":true},"in2DMode":false,"pivot":{"x":149.3900146484375,"y":423.54766845703127,"z":-1723.66650390625},"rotation":{"x":-0.34383660554885867,"y":-0.6542156338691711,"z":0.5064966082572937,"w":-0.4441165030002594},"size":1270.6024169921875,"orthographic":false}