{"cameraMode":{"drawMode":0,"name":"Shaded","section":"Shading Mode"},"sceneLighting":true,"audioPlay":false,"sceneViewState":{"showFog":true,"showMaterialUpdate":true,"showSkybox":true,"showFlares":true,"showImageEffects":true,"showParticleSystems":true},"in2DMode":false,"pivot":{"x":369.22442626953127,"y":238.7764129638672,"z":96.68572998046875},"rotation":{"x":-0.007783286273479462,"y":-0.086295485496521,"z":0.0006743879639543593,"w":-0.9962390065193176},"size":802.8607177734375,"orthographic":false}