{"cameraMode":{"drawMode":0,"name":"Shaded","section":"Shading Mode"},"sceneLighting":false,"audioPlay":false,"sceneViewState":{"showFog":true,"showMaterialUpdate":true,"showSkybox":true,"showFlares":true,"showImageEffects":true,"showParticleSystems":true},"in2DMode":false,"pivot":{"x":387.6714782714844,"y":132.08834838867188,"z":-200.64279174804688},"rotation":{"x":-0.07824201881885529,"y":-0.0008952453499659896,"z":0.0000699375377735123,"w":-0.9969339966773987},"size":1.5490449666976929,"orthographic":false}