{"cameraMode":{"drawMode":0,"name":"Shaded","section":"Shading Mode"},"sceneLighting":true,"audioPlay":false,"sceneViewState":{"showFog":true,"showMaterialUpdate":true,"showSkybox":true,"showFlares":true,"showImageEffects":true,"showParticleSystems":true},"in2DMode":false,"pivot":{"x":-0.3721388280391693,"y":7.268714904785156,"z":-9.333844184875489},"rotation":{"x":0.4932772219181061,"y":-0.0027715221513062717,"z":0.001573339570313692,"w":0.8698663711547852},"size":1.303835153579712,"orthographic":false}