{"cameraMode":{"drawMode":0,"name":"Shaded","section":"Shading Mode"},"sceneLighting":true,"audioPlay":false,"sceneViewState":{"showFog":true,"showMaterialUpdate":true,"showSkybox":true,"showFlares":true,"showImageEffects":true,"showParticleSystems":true},"in2DMode":false,"pivot":{"x":-4.8852996826171879,"y":2.325507640838623,"z":1.6011676788330079},"rotation":{"x":-0.12225028872489929,"y":0.778462290763855,"z":-0.16008056700229646,"w":-0.5944961309432983},"size":8.884468078613282,"orthographic":false}
