{"cameraMode":{"drawMode":0,"name":"Shaded","section":"Shading Mode"},"sceneLighting":false,"audioPlay":false,"sceneViewState":{"showFog":true,"showMaterialUpdate":true,"showSkybox":true,"showFlares":true,"showImageEffects":true,"showParticleSystems":true},"in2DMode":false,"pivot":{"x":-3.8602871894836427,"y":12.765790939331055,"z":17.649261474609376},"rotation":{"x":-0.2064782679080963,"y":-0.7396600246429443,"z":0.2610287368297577,"w":-0.5849221348762512},"size":1.6104145050048829,"orthographic":false}