{"cameraMode":{"drawMode":0,"name":"Shaded","section":"Shading Mode"},"sceneLighting":false,"audioPlay":false,"sceneViewState":{"showFog":true,"showMaterialUpdate":true,"showSkybox":true,"showFlares":true,"showImageEffects":true,"showParticleSystems":true},"in2DMode":false,"pivot":{"x":2.5457584857940676,"y":-1.4863383769989014,"z":5.052368640899658},"rotation":{"x":0.17269863188266755,"y":0.23534150421619416,"z":-0.04253637045621872,"w":0.9555000066757202},"size":7.379779815673828,"orthographic":false}