{"cameraMode":{"drawMode":0,"name":"Shaded","section":"Shading Mode"},"sceneLighting":true,"audioPlay":false,"sceneViewState":{"showFog":true,"showMaterialUpdate":true,"showSkybox":true,"showFlares":true,"showImageEffects":true,"showParticleSystems":true},"in2DMode":false,"pivot":{"x":7.9444780349731449,"y":-16.704198837280275,"z":21.843849182128908},"rotation":{"x":-0.42956188321113589,"y":0.06787283718585968,"z":-0.03239932656288147,"w":-0.8999001383781433},"size":35.57252883911133,"orthographic":false}