{"cameraMode":{"drawMode":0,"name":"Shaded","section":"Shading Mode"},"sceneLighting":true,"audioPlay":false,"sceneViewState":{"showFog":true,"showMaterialUpdate":true,"showSkybox":true,"showFlares":true,"showImageEffects":true,"showParticleSystems":true},"in2DMode":false,"pivot":{"x":2.7962646484375,"y":8.19579792022705,"z":2.073760986328125},"rotation":{"x":-0.6618940234184265,"y":0.2953830063343048,"z":-0.3206254541873932,"w":-0.6097906827926636},"size":1.0104146003723145,"orthographic":false}