{"cameraMode":{"drawMode":0,"name":"Shaded","section":"Shading Mode"},"sceneLighting":true,"audioPlay":false,"sceneViewState":{"showFog":true,"showMaterialUpdate":true,"showSkybox":true,"showFlares":true,"showImageEffects":true,"showParticleSystems":true},"in2DMode":false,"pivot":{"x":22.543161392211915,"y":3.6651437282562258,"z":12.722394943237305},"rotation":{"x":0.37505316734313967,"y":-0.26113101840019228,"z":0.11097753793001175,"w":0.8825133442878723},"size":20.583538055419923,"orthographic":false}