{"cameraMode":{"drawMode":0,"name":"Shaded","section":"Shading Mode"},"sceneLighting":true,"audioPlay":false,"sceneViewState":{"showFog":true,"showMaterialUpdate":true,"showSkybox":true,"showFlares":true,"showImageEffects":true,"showParticleSystems":true},"in2DMode":false,"pivot":{"x":2.75687313079834,"y":2.1812970638275148,"z":-0.2213820219039917},"rotation":{"x":-0.03369614854454994,"y":0.7016243934631348,"z":-0.033254195004701617,"w":-0.7109726071357727},"size":1.0104146003723145,"orthographic":false}