{"cameraMode":{"drawMode":0,"name":"Shaded","section":"Shading Mode"},"sceneLighting":false,"audioPlay":false,"sceneViewState":{"showFog":true,"showMaterialUpdate":true,"showSkybox":true,"showFlares":true,"showImageEffects":true,"showParticleSystems":true},"in2DMode":false,"pivot":{"x":0.4220196604728699,"y":0.07176360487937927,"z":-0.40607750415802},"rotation":{"x":0.11753024905920029,"y":0.18275105953216554,"z":-0.022009408101439477,"w":0.9758608341217041},"size":1.4289418458938599,"orthographic":false}