{"cameraMode":{"drawMode":0,"name":"Shaded","section":"Shading Mode"},"sceneLighting":false,"audioPlay":false,"sceneViewState":{"showFog":true,"showMaterialUpdate":true,"showSkybox":true,"showFlares":true,"showImageEffects":true,"showParticleSystems":true},"in2DMode":false,"pivot":{"x":2.2050583362579347,"y":-1.1955842971801758,"z":0.934578537940979},"rotation":{"x":-0.18416833877563477,"y":-0.6135978698730469,"z":0.15006588399410249,"w":-0.7530338764190674},"size":4.041658401489258,"orthographic":false}