{"cameraMode":{"drawMode":0,"name":"Shaded","section":"Shading Mode"},"sceneLighting":false,"audioPlay":false,"sceneViewState":{"showFog":true,"showMaterialUpdate":true,"showSkybox":true,"showFlares":true,"showImageEffects":true,"showParticleSystems":true},"in2DMode":false,"pivot":{"x":313.21527099609377,"y":346.73834228515627,"z":-64.27799224853516},"rotation":{"x":-0.07824201881885529,"y":-0.0008952453499659896,"z":0.0000699375377735123,"w":-0.9969339966773987},"size":1138.02294921875,"orthographic":false}