{"cameraMode":{"drawMode":0,"name":"Shaded","section":"Shading Mode"},"sceneLighting":true,"audioPlay":false,"sceneViewState":{"showFog":true,"showMaterialUpdate":true,"showSkybox":true,"showFlares":true,"showImageEffects":true,"showParticleSystems":true},"in2DMode":false,"pivot":{"x":24.645713806152345,"y":-13.527836799621582,"z":-10.201674461364746},"rotation":{"x":0.22946518659591676,"y":0.6735780239105225,"z":-0.23321154713630677,"w":0.6627599596977234},"size":45.91070556640625,"orthographic":false}