{"cameraMode":{"drawMode":0,"name":"Shaded","section":"Shading Mode"},"sceneLighting":true,"audioPlay":false,"sceneViewState":{"showFog":true,"showMaterialUpdate":true,"showSkybox":true,"showFlares":true,"showImageEffects":true,"showParticleSystems":true},"in2DMode":false,"pivot":{"x":25.467885971069337,"y":17.565185546875,"z":19.575275421142579},"rotation":{"x":0.540135383605957,"y":-0.2344389110803604,"z":0.1598244309425354,"w":0.7923057675361633},"size":3.1104142665863039,"orthographic":false}