{"cameraMode":{"drawMode":0,"name":"Shaded","section":"Shading Mode"},"sceneLighting":true,"audioPlay":false,"sceneViewState":{"showFog":true,"showMaterialUpdate":true,"showSkybox":true,"showFlares":true,"showImageEffects":true,"showParticleSystems":true},"in2DMode":false,"pivot":{"x":22.311792373657228,"y":8.496442794799805,"z":12.92273235321045},"rotation":{"x":-0.38225385546684267,"y":0.4635857045650482,"z":-0.2316257208585739,"w":-0.7650620341300964},"size":16.989017486572267,"orthographic":false}