{"cameraMode":{"drawMode":0,"name":"Shaded","section":"Shading Mode"},"sceneLighting":true,"audioPlay":false,"sceneViewState":{"showFog":true,"showMaterialUpdate":true,"showSkybox":true,"showFlares":true,"showImageEffects":true,"showParticleSystems":true},"in2DMode":false,"pivot":{"x":387.02197265625,"y":131.9525604248047,"z":-200.74276733398438},"rotation":{"x":-0.363089382648468,"y":0.035189438611269,"z":-0.013724708929657936,"w":-0.9309884309768677},"size":1.115065574645996,"orthographic":false}