{"cameraMode":{"drawMode":0,"name":"Shaded","section":"Shading Mode"},"sceneLighting":false,"audioPlay":false,"sceneViewState":{"showFog":true,"showMaterialUpdate":true,"showSkybox":true,"showFlares":true,"showImageEffects":true,"showParticleSystems":true},"in2DMode":false,"pivot":{"x":5.401339530944824,"y":-2.6948916912078859,"z":-0.177102729678154},"rotation":{"x":0.17930862307548524,"y":0.6737428903579712,"z":-0.17369486391544343,"w":0.6955207586288452},"size":7.379779815673828,"orthographic":false}