{"cameraMode":{"drawMode":0,"name":"Shaded","section":"Shading Mode"},"sceneLighting":true,"audioPlay":false,"sceneViewState":{"showFog":true,"showMaterialUpdate":true,"showSkybox":true,"showFlares":true,"showImageEffects":true,"showParticleSystems":true},"in2DMode":false,"pivot":{"x":345.48431396484377,"y":241.15386962890626,"z":121.55926513671875},"rotation":{"x":-0.00629207631573081,"y":-0.08031737804412842,"z":0.0005072008934803307,"w":-0.9967494010925293},"size":802.8607177734375,"orthographic":false}