{"cameraMode":{"drawMode":0,"name":"Shaded","section":"Shading Mode"},"sceneLighting":true,"audioPlay":false,"sceneViewState":{"showFog":true,"showMaterialUpdate":true,"showSkybox":true,"showFlares":true,"showImageEffects":true,"showParticleSystems":true},"in2DMode":false,"pivot":{"x":31.041994094848634,"y":40.0869255065918,"z":11.163176536560059},"rotation":{"x":0.5580134391784668,"y":-0.2464742213487625,"z":0.17813238501548768,"w":0.7721012830734253},"size":6.578481197357178,"orthographic":false}