{"cameraMode":{"drawMode":0,"name":"Shaded","section":"Shading Mode"},"sceneLighting":true,"audioPlay":false,"sceneViewState":{"showFog":true,"showMaterialUpdate":true,"showSkybox":true,"showFlares":true,"showImageEffects":true,"showParticleSystems":true},"in2DMode":false,"pivot":{"x":27.077781677246095,"y":20.261648178100587,"z":-14.618570327758789},"rotation":{"x":-0.30671292543411257,"y":0.10763576626777649,"z":-0.03493399918079376,"w":-0.9450510144233704},"size":0.04358315467834473,"orthographic":false}