{"cameraMode":{"drawMode":0,"name":"Shaded","section":"Shading Mode"},"sceneLighting":true,"audioPlay":false,"sceneViewState":{"showFog":true,"showMaterialUpdate":true,"showSkybox":true,"showFlares":true,"showImageEffects":true,"showParticleSystems":true},"in2DMode":false,"pivot":{"x":-12.700850486755371,"y":22.76714515686035,"z":-35.23307800292969},"rotation":{"x":-0.244490385055542,"y":-0.077860988676548,"z":0.019700096920132638,"w":-0.9663199186325073},"size":0.8654460310935974,"orthographic":false}