{"cameraMode":{"drawMode":0,"name":"Shaded","section":"Shading Mode"},"sceneLighting":true,"audioPlay":false,"sceneViewState":{"showFog":true,"showMaterialUpdate":true,"showSkybox":true,"showFlares":true,"showImageEffects":true,"showParticleSystems":true},"in2DMode":false,"pivot":{"x":-16.6014461517334,"y":19.008060455322267,"z":-1.9850008487701417},"rotation":{"x":-0.19258630275726319,"y":-0.7990309596061707,"z":0.3329561650753021,"w":-0.46216902136802676},"size":9.39040470123291,"orthographic":false}