{"cameraMode":{"drawMode":0,"name":"Shaded","section":"Shading Mode"},"sceneLighting":true,"audioPlay":false,"sceneViewState":{"showFog":true,"showMaterialUpdate":true,"showSkybox":true,"showFlares":true,"showImageEffects":true,"showParticleSystems":true},"in2DMode":false,"pivot":{"x":-5.227001190185547,"y":2.003258466720581,"z":-11.139582633972168},"rotation":{"x":-0.3429943919181824,"y":0.4870739281177521,"z":-0.21595387160778047,"w":-0.7736135125160217},"size":18.286983489990236,"orthographic":false}