{"cameraMode":{"drawMode":0,"name":"Shaded","section":"Shading Mode"},"sceneLighting":true,"audioPlay":false,"sceneViewState":{"showFog":true,"showMaterialUpdate":true,"showSkybox":true,"showFlares":true,"showImageEffects":true,"showParticleSystems":true},"in2DMode":false,"pivot":{"x":-1.0408164262771607,"y":-3.3555212020874025,"z":4.256820201873779},"rotation":{"x":-0.32492324709892275,"y":0.39063599705696108,"z":-0.14964568614959718,"w":-0.84819495677948},"size":15.221227645874024,"orthographic":false}