{"cameraMode":{"drawMode":0,"name":"Shaded","section":"Shading Mode"},"sceneLighting":false,"audioPlay":false,"sceneViewState":{"showFog":true,"showMaterialUpdate":true,"showSkybox":true,"showFlares":true,"showImageEffects":true,"showParticleSystems":true},"in2DMode":false,"pivot":{"x":0.6915571689605713,"y":0.3621590733528137,"z":-0.004783987998962402},"rotation":{"x":0.106710284948349,"y":0.4935336410999298,"z":-0.061168890446424487,"w":0.8609853982925415},"size":2.8578836917877199,"orthographic":false}