{"cameraMode":{"drawMode":0,"name":"Shaded","section":"Shading Mode"},"sceneLighting":true,"audioPlay":false,"sceneViewState":{"showFog":true,"showMaterialUpdate":true,"showSkybox":true,"showFlares":true,"showImageEffects":true,"showParticleSystems":true},"in2DMode":false,"pivot":{"x":138.84979248046876,"y":297.4984130859375,"z":3.805903673171997},"rotation":{"x":-0.15066927671432496,"y":-0.03826764225959778,"z":0.005836179945617914,"w":-0.9878260493278503},"size":134.30027770996095,"orthographic":false}