{"cameraMode":{"drawMode":0,"name":"Shaded","section":"Shading Mode"},"sceneLighting":true,"audioPlay":false,"sceneViewState":{"showFog":true,"showMaterialUpdate":true,"showSkybox":true,"showFlares":true,"showImageEffects":true,"showParticleSystems":true},"in2DMode":false,"pivot":{"x":1.4845044612884522,"y":1.3599731922149659,"z":-0.44914841651916506},"rotation":{"x":0.2898745536804199,"y":-0.15858563780784608,"z":0.04877227544784546,"w":0.9425734281539917},"size":1.303835153579712,"orthographic":false}