{"cameraMode":{"drawMode":0,"name":"Shaded","section":"Shading Mode"},"sceneLighting":false,"audioPlay":false,"sceneViewState":{"showFog":true,"showMaterialUpdate":true,"showSkybox":true,"showFlares":true,"showImageEffects":true,"showParticleSystems":true},"in2DMode":false,"pivot":{"x":0.7740287780761719,"y":-0.018552064895629884,"z":0.4248335361480713},"rotation":{"x":-0.22075243294239045,"y":-0.49956369400024416,"z":0.1333482712507248,"w":-0.8269962072372437},"size":2.2259721755981447,"orthographic":false}