{"cameraMode":{"drawMode":0,"name":"Shaded","section":"Shading Mode"},"sceneLighting":false,"audioPlay":false,"sceneViewState":{"showFog":true,"showMaterialUpdate":true,"showSkybox":true,"showFlares":true,"showImageEffects":true,"showParticleSystems":true},"in2DMode":false,"pivot":{"x":4.25510311126709,"y":-1.4710842370986939,"z":1.7823127508163453},"rotation":{"x":0.17225560545921327,"y":0.5604615211486816,"z":-0.12052008509635925,"w":0.8010530471801758},"size":7.379779815673828,"orthographic":false}