{"cameraMode":{"drawMode":0,"name":"Shaded","section":"Shading Mode"},"sceneLighting":true,"audioPlay":false,"sceneViewState":{"showFog":true,"showMaterialUpdate":true,"showSkybox":true,"showFlares":true,"showImageEffects":true,"showParticleSystems":true},"in2DMode":false,"pivot":{"x":31.369924545288087,"y":27.319002151489259,"z":-6.7264909744262699},"rotation":{"x":-0.3332262635231018,"y":0.05614188313484192,"z":-0.019883116707205774,"w":-0.9409639239311218},"size":14.956107139587403,"orthographic":false}