{"cameraMode":{"drawMode":0,"name":"Shaded","section":"Shading Mode"},"sceneLighting":true,"audioPlay":false,"sceneViewState":{"showFog":true,"showMaterialUpdate":true,"showSkybox":true,"showFlares":true,"showImageEffects":true,"showParticleSystems":true},"in2DMode":false,"pivot":{"x":2.7409756183624269,"y":8.203620910644532,"z":2.274789810180664},"rotation":{"x":-0.6521444916725159,"y":-0.02417694218456745,"z":0.020813554525375367,"w":-0.7574231624603272},"size":1.0104146003723145,"orthographic":false}
