{"cameraMode":{"drawMode":0,"name":"Shaded","section":"Shading Mode"},"sceneLighting":false,"audioPlay":false,"sceneViewState":{"showFog":true,"showMaterialUpdate":true,"showSkybox":true,"showFlares":true,"showImageEffects":true,"showParticleSystems":true},"in2DMode":false,"pivot":{"x":-0.13833987712860108,"y":0.5535999536514282,"z":0.14883077144622804},"rotation":{"x":-0.28113865852355959,"y":-0.04546988755464554,"z":0.013336917385458947,"w":-0.9584965705871582},"size":1.281032681465149,"orthographic":false}