{"cameraMode":{"drawMode":0,"name":"Shaded","section":"Shading Mode"},"sceneLighting":true,"audioPlay":false,"sceneViewState":{"showFog":true,"showMaterialUpdate":true,"showSkybox":true,"showFlares":true,"showImageEffects":true,"showParticleSystems":true},"in2DMode":false,"pivot":{"x":4.067209720611572,"y":-5.711794853210449,"z":4.6248064041137699},"rotation":{"x":-0.6513052582740784,"y":-0.007140869274735451,"z":0.0061253695748746399,"w":-0.7587575912475586},"size":16.989830017089845,"orthographic":false}