{"cameraMode":{"drawMode":0,"name":"Shaded","section":"Shading Mode"},"sceneLighting":true,"audioPlay":false,"sceneViewState":{"showFog":true,"showMaterialUpdate":true,"showSkybox":true,"showFlares":true,"showImageEffects":true,"showParticleSystems":true},"in2DMode":false,"pivot":{"x":386.95281982421877,"y":132.3363800048828,"z":-200.57887268066407},"rotation":{"x":-0.2921418845653534,"y":-0.048480916768312457,"z":0.014829694293439389,"w":-0.9550302624702454},"size":0.6224973201751709,"orthographic":false}