{"cameraMode":{"drawMode":0,"name":"Shaded","section":"Shading Mode"},"sceneLighting":true,"audioPlay":false,"sceneViewState":{"showFog":true,"showMaterialUpdate":true,"showSkybox":true,"showFlares":true,"showImageEffects":true,"showParticleSystems":true},"in2DMode":false,"pivot":{"x":-0.6310701370239258,"y":0.9794611930847168,"z":-3.5658884048461916},"rotation":{"x":0.18094803392887116,"y":0.5957991480827332,"z":-0.14003518223762513,"w":0.7698515057563782},"size":5.09177303314209,"orthographic":false}