{"cameraMode":{"drawMode":0,"name":"Shaded","section":"Shading Mode"},"sceneLighting":true,"audioPlay":false,"sceneViewState":{"showFog":true,"showMaterialUpdate":true,"showSkybox":true,"showFlares":true,"showImageEffects":true,"showParticleSystems":true},"in2DMode":false,"pivot":{"x":1.8083570003509522,"y":1.8460066318511963,"z":-1.9198315143585206},"rotation":{"x":-0.2668136954307556,"y":-0.07192821800708771,"z":0.01997254230082035,"w":-0.9608527421951294},"size":1.0104146003723145,"orthographic":false}