{"cameraMode":{"drawMode":0,"name":"Shaded","section":"Shading Mode"},"sceneLighting":false,"audioPlay":false,"sceneViewState":{"showFog":true,"showMaterialUpdate":true,"showSkybox":true,"showFlares":true,"showImageEffects":true,"showParticleSystems":true},"in2DMode":false,"pivot":{"x":321.2590637207031,"y":179.00006103515626,"z":0.0269775390625},"rotation":{"x":-0.0018420915585011244,"y":-0.9309363961219788,"z":0.3651479184627533,"w":-0.004580186679959297},"size":677.244873046875,"orthographic":false}