{"cameraMode":{"drawMode":0,"name":"Shaded","section":"Shading Mode"},"sceneLighting":false,"audioPlay":false,"sceneViewState":{"showFog":true,"showMaterialUpdate":true,"showSkybox":true,"showFlares":true,"showImageEffects":true,"showParticleSystems":true},"in2DMode":false,"pivot":{"x":0.9379499554634094,"y":-0.07281675934791565,"z":0.3119712173938751},"rotation":{"x":-0.4034747779369354,"y":-0.42353004217147829,"z":0.21880000829696656,"w":-0.7809974551200867},"size":2.2259721755981447,"orthographic":false}