{"cameraMode":{"drawMode":0,"name":"Shaded","section":"Shading Mode"},"sceneLighting":true,"audioPlay":false,"sceneViewState":{"showFog":true,"showMaterialUpdate":true,"showSkybox":true,"showFlares":true,"showImageEffects":true,"showParticleSystems":true},"in2DMode":false,"pivot":{"x":-2.805727005004883,"y":0.37000417709350588,"z":-2.5369184017181398},"rotation":{"x":-0.19935499131679536,"y":0.5151435136795044,"z":-0.12459634244441986,"w":-0.8242332935333252},"size":16.392580032348634,"orthographic":false}