{"cameraMode":{"drawMode":0,"name":"Shaded","section":"Shading Mode"},"sceneLighting":true,"audioPlay":false,"sceneViewState":{"showFog":true,"showMaterialUpdate":true,"showSkybox":true,"showFlares":true,"showImageEffects":true,"showParticleSystems":true},"in2DMode":false,"pivot":{"x":294.5561218261719,"y":143.73876953125,"z":-189.088134765625},"rotation":{"x":0.48843511939048769,"y":0.0534423291683197,"z":-0.02998429536819458,"w":0.8704459071159363},"size":4.041658401489258,"orthographic":false}