{"cameraMode":{"drawMode":0,"name":"Shaded","section":"Shading Mode"},"sceneLighting":true,"audioPlay":false,"sceneViewState":{"showFog":true,"showMaterialUpdate":true,"showSkybox":true,"showFlares":true,"showImageEffects":true,"showParticleSystems":true},"in2DMode":false,"pivot":{"x":17.739717483520509,"y":15.509095191955567,"z":1.7636528015136719},"rotation":{"x":0.2752418518066406,"y":-0.6626623868942261,"z":0.28750720620155337,"w":0.6343975067138672},"size":0.19616484642028809,"orthographic":false}