{"cameraMode":{"drawMode":0,"name":"Shaded","section":"Shading Mode"},"sceneLighting":false,"audioPlay":false,"sceneViewState":{"showFog":true,"showMaterialUpdate":true,"showSkybox":true,"showFlares":true,"showImageEffects":true,"showParticleSystems":true},"in2DMode":false,"pivot":{"x":11.44085693359375,"y":8.124590873718262,"z":4.490511417388916},"rotation":{"x":-0.3567824959754944,"y":0.5442026257514954,"z":-0.27428534626960757,"w":-0.7080377340316773},"size":1.0104146003723145,"orthographic":false}