{"cameraMode":{"drawMode":0,"name":"Shaded","section":"Shading Mode"},"sceneLighting":true,"audioPlay":false,"sceneViewState":{"showFog":true,"showMaterialUpdate":true,"showSkybox":true,"showFlares":true,"showImageEffects":true,"showParticleSystems":true},"in2DMode":false,"pivot":{"x":339.12890625,"y":54.14057159423828,"z":-0.7234954833984375},"rotation":{"x":0.1752013862133026,"y":-0.11459550261497498,"z":0.02053830400109291,"w":0.9776249527931213},"size":223.28627014160157,"orthographic":false}