{"cameraMode":{"drawMode":0,"name":"Shaded","section":"Shading Mode"},"sceneLighting":false,"audioPlay":false,"sceneViewState":{"showFog":true,"showMaterialUpdate":true,"showSkybox":true,"showFlares":true,"showImageEffects":true,"showParticleSystems":true},"in2DMode":false,"pivot":{"x":0.09630388021469116,"y":0.14691680669784547,"z":1.1322225332260132},"rotation":{"x":-0.19195319712162019,"y":-0.08028004318475723,"z":0.01575687900185585,"w":-0.9779881834983826},"size":2.2259721755981447,"orthographic":false}