{"cameraMode":{"drawMode":0,"name":"Shaded","section":"Shading Mode"},"sceneLighting":true,"audioPlay":false,"sceneViewState":{"showFog":true,"showMaterialUpdate":true,"showSkybox":true,"showFlares":true,"showImageEffects":true,"showParticleSystems":true},"in2DMode":false,"pivot":{"x":4.417743682861328,"y":5.2796831130981449,"z":0.10615134239196778},"rotation":{"x":-0.6062217950820923,"y":-0.005488076712936163,"z":0.004183320794254541,"w":-0.7952657341957092},"size":3.253929376602173,"orthographic":false}