{"cameraMode":{"drawMode":0,"name":"Shaded","section":"Shading Mode"},"sceneLighting":true,"audioPlay":false,"sceneViewState":{"showFog":true,"showMaterialUpdate":true,"showSkybox":true,"showFlares":true,"showImageEffects":true,"showParticleSystems":true},"in2DMode":false,"pivot":{"x":2.263894557952881,"y":4.788457870483398,"z":4.678990364074707},"rotation":{"x":-0.5282145738601685,"y":0.02724599838256836,"z":-0.016961298882961274,"w":-0.8485041856765747},"size":0.9460703730583191,"orthographic":false}