{"cameraMode":{"drawMode":0,"name":"Shaded","section":"Shading Mode"},"sceneLighting":false,"audioPlay":false,"sceneViewState":{"showFog":true,"showMaterialUpdate":true,"showSkybox":true,"showFlares":true,"showImageEffects":true,"showParticleSystems":true},"in2DMode":false,"pivot":{"x":13.340484619140625,"y":-6.103121280670166,"z":15.579707145690918},"rotation":{"x":0.3171257972717285,"y":0.5869620442390442,"z":-0.26059287786483767,"w":0.6978524923324585},"size":42.43698501586914,"orthographic":false}