{"cameraMode":{"drawMode":0,"name":"Shaded","section":"Shading Mode"},"sceneLighting":true,"audioPlay":false,"sceneViewState":{"showFog":true,"showMaterialUpdate":true,"showSkybox":true,"showFlares":true,"showImageEffects":true,"showParticleSystems":true},"in2DMode":false,"pivot":{"x":385.8656921386719,"y":137.00563049316407,"z":-205.09046936035157},"rotation":{"x":-0.25725245475769045,"y":0.08884665369987488,"z":-0.023759519681334497,"w":-0.9619578719139099},"size":4.488401889801025,"orthographic":false}