{"cameraMode":{"drawMode":0,"name":"Shaded","section":"Shading Mode"},"sceneLighting":false,"audioPlay":false,"sceneViewState":{"showFog":true,"showMaterialUpdate":true,"showSkybox":true,"showFlares":true,"showImageEffects":true,"showParticleSystems":true},"in2DMode":false,"pivot":{"x":386.4732971191406,"y":132.2455291748047,"z":-199.90966796875},"rotation":{"x":0.008677765727043152,"y":-0.0023978636600077154,"z":-0.000021129339074832387,"w":-0.9999594688415527},"size":1.5490449666976929,"orthographic":false}