{"cameraMode":{"drawMode":0,"name":"Shaded","section":"Shading Mode"},"sceneLighting":true,"audioPlay":false,"sceneViewState":{"showFog":true,"showMaterialUpdate":true,"showSkybox":true,"showFlares":true,"showImageEffects":true,"showParticleSystems":true},"in2DMode":false,"pivot":{"x":386.99041748046877,"y":131.68701171875,"z":-198.95730590820313},"rotation":{"x":0.07026061415672302,"y":-0.032599810510873798,"z":0.002298402599990368,"w":0.9969932436943054},"size":2.5938093662261965,"orthographic":false}