{"cameraMode":{"drawMode":0,"name":"Shaded","section":"Shading Mode"},"sceneLighting":false,"audioPlay":false,"sceneViewState":{"showFog":true,"showMaterialUpdate":true,"showSkybox":true,"showFlares":true,"showImageEffects":true,"showParticleSystems":true},"in2DMode":false,"pivot":{"x":2.4093899726867677,"y":-0.4917900562286377,"z":-0.3411669433116913},"rotation":{"x":-0.05829592049121857,"y":-0.7571972012519836,"z":0.06822498142719269,"w":-0.646992564201355},"size":3.4416584968566896,"orthographic":false}