{"cameraMode":{"drawMode":0,"name":"Shaded","section":"Shading Mode"},"sceneLighting":true,"audioPlay":false,"sceneViewState":{"showFog":true,"showMaterialUpdate":true,"showSkybox":true,"showFlares":true,"showImageEffects":true,"showParticleSystems":true},"in2DMode":false,"pivot":{"x":1.0426950454711915,"y":1.3746840953826905,"z":-0.7272666096687317},"rotation":{"x":-0.3219499886035919,"y":-0.07318336516618729,"z":0.02496972866356373,"w":-0.9435936808586121},"size":1.0104146003723145,"orthographic":false}