{"cameraMode":{"drawMode":0,"name":"Shaded","section":"Shading Mode"},"sceneLighting":false,"audioPlay":false,"sceneViewState":{"showFog":true,"showMaterialUpdate":true,"showSkybox":true,"showFlares":true,"showImageEffects":true,"showParticleSystems":true},"in2DMode":false,"pivot":{"x":2.3919472694396974,"y":13.133479118347168,"z":3.793750286102295},"rotation":{"x":-0.5953731536865234,"y":0.010679362341761589,"z":-0.00796843133866787,"w":-0.8033388257026672},"size":1.0104146003723145,"orthographic":false}