{"cameraMode":{"drawMode":0,"name":"Shaded","section":"Shading Mode"},"sceneLighting":false,"audioPlay":false,"sceneViewState":{"showFog":true,"showMaterialUpdate":true,"showSkybox":true,"showFlares":true,"showImageEffects":true,"showParticleSystems":true},"in2DMode":false,"pivot":{"x":387.1000061035156,"y":132.25,"z":-201.63475036621095},"rotation":{"x":-0.08563632518053055,"y":-0.8947121500968933,"z":0.19521449506282807,"w":-0.39248937368392947},"size":17.44051170349121,"orthographic":false}