{"cameraMode":{"drawMode":0,"name":"Shaded","section":"Shading Mode"},"sceneLighting":false,"audioPlay":false,"sceneViewState":{"showFog":true,"showMaterialUpdate":true,"showSkybox":true,"showFlares":true,"showImageEffects":true,"showParticleSystems":true},"in2DMode":false,"pivot":{"x":-0.8087238073348999,"y":6.373394966125488,"z":0.3640725016593933},"rotation":{"x":-0.4721386134624481,"y":-0.30777353048324587,"z":0.18019959330558778,"w":-0.8061568140983582},"size":1.0104146003723145,"orthographic":false}