{"cameraMode":{"drawMode":0,"name":"Shaded","section":"Shading Mode"},"sceneLighting":false,"audioPlay":false,"sceneViewState":{"showFog":true,"showMaterialUpdate":true,"showSkybox":true,"showFlares":true,"showImageEffects":true,"showParticleSystems":true},"in2DMode":false,"pivot":{"x":26.997753143310548,"y":9.626301765441895,"z":39.8662223815918},"rotation":{"x":0.024002453312277795,"y":0.9759965538978577,"z":-0.1523125022649765,"w":0.1538034826517105},"size":1.0104146003723145,"orthographic":false}
