{"cameraMode":{"drawMode":0,"name":"Shaded","section":"Shading Mode"},"sceneLighting":true,"audioPlay":false,"sceneViewState":{"showFog":true,"showMaterialUpdate":true,"showSkybox":true,"showFlares":true,"showImageEffects":true,"showParticleSystems":true},"in2DMode":false,"pivot":{"x":2.109002113342285,"y":1.5203900337219239,"z":-0.489202618598938},"rotation":{"x":0.28245809674263,"y":0.00126010668464005,"z":-0.00036949323839507997,"w":0.9592788219451904},"size":1.303835153579712,"orthographic":false}