{"cameraMode":{"drawMode":0,"name":"Shaded","section":"Shading Mode"},"sceneLighting":true,"audioPlay":false,"sceneViewState":{"showFog":true,"showMaterialUpdate":true,"showSkybox":true,"showFlares":true,"showImageEffects":true,"showParticleSystems":true},"in2DMode":false,"pivot":{"x":31.774211883544923,"y":36.20451736450195,"z":-34.634281158447269},"rotation":{"x":-0.3112808167934418,"y":0.039333462715148929,"z":-0.01289729680866003,"w":-0.9494160413742065},"size":4.7564167976379398,"orthographic":false}