{"cameraMode":{"drawMode":0,"name":"Shaded","section":"Shading Mode"},"sceneLighting":true,"audioPlay":false,"sceneViewState":{"showFog":true,"showMaterialUpdate":true,"showSkybox":true,"showFlares":true,"showImageEffects":true,"showParticleSystems":true},"in2DMode":false,"pivot":{"x":7.908389568328857,"y":-12.209331512451172,"z":10.448461532592774},"rotation":{"x":-0.6315790414810181,"y":0.01944497786462307,"z":-0.0158527959138155,"w":-0.7749055027961731},"size":29.18498420715332,"orthographic":false}