{"cameraMode":{"drawMode":0,"name":"Shaded","section":"Shading Mode"},"sceneLighting":false,"audioPlay":false,"sceneViewState":{"showFog":true,"showMaterialUpdate":true,"showSkybox":true,"showFlares":true,"showImageEffects":true,"showParticleSystems":true},"in2DMode":false,"pivot":{"x":0.009460091590881348,"y":0.4536011815071106,"z":0.3975543677806854},"rotation":{"x":-0.12013782560825348,"y":0.4850194752216339,"z":-0.06756887584924698,"w":-0.8635725378990173},"size":1.323734998703003,"orthographic":false}