{"cameraMode":{"drawMode":0,"name":"Shaded","section":"Shading Mode"},"sceneLighting":false,"audioPlay":false,"sceneViewState":{"showFog":true,"showMaterialUpdate":true,"showSkybox":true,"showFlares":true,"showImageEffects":true,"showParticleSystems":true},"in2DMode":false,"pivot":{"x":3.456472635269165,"y":-3.107232093811035,"z":3.59692645072937},"rotation":{"x":0.2997317314147949,"y":0.37883302569389346,"z":-0.13116337358951569,"w":0.8657035827636719},"size":7.379779815673828,"orthographic":false}