{"cameraMode":{"drawMode":0,"name":"Shaded","section":"Shading Mode"},"sceneLighting":true,"audioPlay":false,"sceneViewState":{"showFog":true,"showMaterialUpdate":true,"showSkybox":true,"showFlares":true,"showImageEffects":true,"showParticleSystems":true},"in2DMode":false,"pivot":{"x":5.719130516052246,"y":4.629891395568848,"z":2.1448678970336916},"rotation":{"x":0.471809446811676,"y":-0.34583958983421328,"z":0.20815865695476533,"w":0.7838755249977112},"size":11.386568069458008,"orthographic":false}