{"cameraMode":{"drawMode":0,"name":"Shaded","section":"Shading Mode"},"sceneLighting":true,"audioPlay":false,"sceneViewState":{"showFog":true,"showMaterialUpdate":true,"showSkybox":true,"showFlares":true,"showImageEffects":true,"showParticleSystems":true},"in2DMode":false,"pivot":{"x":5.541851997375488,"y":2.72027325630188,"z":-5.121968746185303},"rotation":{"x":-0.18468090891838075,"y":0.14477533102035523,"z":-0.027517426759004594,"w":-0.9716871380805969},"size":0.04358315467834473,"orthographic":false}