{"cameraMode":{"drawMode":0,"name":"Shaded","section":"Shading Mode"},"sceneLighting":false,"audioPlay":false,"sceneViewState":{"showFog":true,"showMaterialUpdate":true,"showSkybox":true,"showFlares":true,"showImageEffects":true,"showParticleSystems":true},"in2DMode":false,"pivot":{"x":0.7596811056137085,"y":-0.02029973268508911,"z":-0.4235247075557709},"rotation":{"x":0.04255271330475807,"y":0.7969164848327637,"z":-0.05652537941932678,"w":0.5999319553375244},"size":2.8578836917877199,"orthographic":false}