{"cameraMode":{"drawMode":0,"name":"Shaded","section":"Shading Mode"},"sceneLighting":true,"audioPlay":false,"sceneViewState":{"showFog":true,"showMaterialUpdate":true,"showSkybox":true,"showFlares":true,"showImageEffects":true,"showParticleSystems":true},"in2DMode":false,"pivot":{"x":2.2833425998687746,"y":-15.800739288330079,"z":-7.915220260620117},"rotation":{"x":-0.6561246514320374,"y":-0.03934945538640022,"z":0.03429330885410309,"w":-0.7528453469276428},"size":48.31953048706055,"orthographic":false}