{"cameraMode":{"drawMode":0,"name":"Shaded","section":"Shading Mode"},"sceneLighting":true,"audioPlay":false,"sceneViewState":{"showFog":true,"showMaterialUpdate":true,"showSkybox":true,"showFlares":true,"showImageEffects":true,"showParticleSystems":true},"in2DMode":false,"pivot":{"x":-2.051947832107544,"y":0.5364749431610107,"z":1.2825934886932374},"rotation":{"x":-0.26010996103286745,"y":-0.2573823034763336,"z":0.07215266674757004,"w":-0.9278422594070435},"size":22.0,"orthographic":false}