{"cameraMode":{"drawMode":0,"name":"Shaded","section":"Shading Mode"},"sceneLighting":true,"audioPlay":false,"sceneViewState":{"showFog":true,"showMaterialUpdate":true,"showSkybox":true,"showFlares":true,"showImageEffects":true,"showParticleSystems":true},"in2DMode":false,"pivot":{"x":-1.1977238655090333,"y":-0.3882344961166382,"z":-2.760699987411499},"rotation":{"x":-0.05555259436368942,"y":-0.9391912221908569,"z":0.1828862428665161,"w":-0.28528299927711489},"size":12.962468147277832,"orthographic":false}