{"cameraMode":{"drawMode":0,"name":"Shaded","section":"Shading Mode"},"sceneLighting":false,"audioPlay":false,"sceneViewState":{"showFog":true,"showMaterialUpdate":true,"showSkybox":true,"showFlares":true,"showImageEffects":true,"showParticleSystems":true},"in2DMode":false,"pivot":{"x":386.10992431640627,"y":236.94198608398438,"z":-167.700439453125},"rotation":{"x":-0.13639222085475923,"y":-0.006833508610725403,"z":0.0009405254968442023,"w":-0.9906309247016907},"size":1570.823486328125,"orthographic":false}