{"cameraMode":{"drawMode":0,"name":"Shaded","section":"Shading Mode"},"sceneLighting":false,"audioPlay":false,"sceneViewState":{"showFog":true,"showMaterialUpdate":true,"showSkybox":true,"showFlares":true,"showImageEffects":true,"showParticleSystems":true},"in2DMode":false,"pivot":{"x":-0.2514924705028534,"y":-0.25956177711486819,"z":1.6003155708312989},"rotation":{"x":0.25971168279647829,"y":0.024616558104753495,"z":-0.0066231247037649158,"w":0.9653496742248535},"size":7.379779815673828,"orthographic":false}