{"cameraMode":{"drawMode":0,"name":"Shaded","section":"Shading Mode"},"sceneLighting":false,"audioPlay":false,"sceneViewState":{"showFog":true,"showMaterialUpdate":true,"showSkybox":true,"showFlares":true,"showImageEffects":true,"showParticleSystems":true},"in2DMode":false,"pivot":{"x":386.9762878417969,"y":132.5634307861328,"z":-201.03952026367188},"rotation":{"x":-0.1304292529821396,"y":-0.01724848337471485,"z":0.0022691141348332168,"w":-0.9913049936294556},"size":0.46252602338790896,"orthographic":false}