{"cameraMode":{"drawMode":0,"name":"Shaded","section":"Shading Mode"},"sceneLighting":true,"audioPlay":false,"sceneViewState":{"showFog":true,"showMaterialUpdate":true,"showSkybox":true,"showFlares":true,"showImageEffects":true,"showParticleSystems":true},"in2DMode":false,"pivot":{"x":48.21472930908203,"y":44.520484924316409,"z":10.96402359008789},"rotation":{"x":0.41106116771698,"y":-0.5155547261238098,"z":0.3092602789402008,"w":0.6852664947509766},"size":6.578481197357178,"orthographic":false}