{"cameraMode":{"drawMode":0,"name":"Shaded","section":"Shading Mode"},"sceneLighting":true,"audioPlay":false,"sceneViewState":{"showFog":true,"showMaterialUpdate":true,"showSkybox":true,"showFlares":true,"showImageEffects":true,"showParticleSystems":true},"in2DMode":false,"pivot":{"x":19.57356071472168,"y":14.155940055847168,"z":-12.130182266235352},"rotation":{"x":-0.15172553062438966,"y":0.38886570930480959,"z":-0.06509596854448319,"w":-0.9063803553581238},"size":1.0104146003723145,"orthographic":false}